t_ms,linAx,linAy,linAz,gravX,gravY,gravZ,heading,roll,pitch,quatW,quatX,quatY,quatZ,calSys,calGyro,calAccel,calMag
-4992,-0.1,-0.07,-0.09,1.29,-8.41,4.86,358.125,7.5625,59.9375,0.864929,-0.494629,-0.0842285,0.0139771,0,3,1,0
-4972,0,-0.3,0.21,1.29,-8.41,4.87,358.125,7.5625,59.875,0.865051,-0.494324,-0.0841675,0.0139771,0,3,1,0
-4952,0.04,-0.25,0.35,1.29,-8.41,4.87,358.125,7.5625,59.875,0.865051,-0.494385,-0.0842285,0.013916,0,3,1,0
-4932,-0.02,0.1,0.1,1.29,-8.41,4.86,358.125,7.5625,59.9375,0.864868,-0.494629,-0.0842285,0.013855,0,3,1,0
-4912,-0.07,0.15,-0.07,1.29,-8.41,4.86,358.125,7.5625,59.9375,0.864746,-0.494873,-0.0842285,0.013855,0,3,1,0
-4892,-0.11,0.08,-0.2,1.29,-8.41,4.86,358.125,7.5625,59.9375,0.864746,-0.494873,-0.0842285,0.013855,0,3,1,0
-4872,-0.06,0.05,-0.18,1.29,-8.41,4.86,358.125,7.5625,59.875,0.864929,-0.494568,-0.0841064,0.0137939,0,3,1,0
-4852,0,-0.11,0.07,1.29,-8.4,4.87,358.125,7.5625,59.875,0.865112,-0.494263,-0.0839844,0.0137939,0,3,1,0
-4832,0.05,-0.17,0.34,1.29,-8.4,4.87,358.125,7.5625,59.875,0.865173,-0.494202,-0.0839233,0.0137939,0,3,1,0
-4812,0.12,-0.06,0.28,1.29,-8.41,4.87,358.125,7.5625,59.875,0.865051,-0.494385,-0.0839844,0.0137329,0,3,1,0
-4792,0,0.07,-0.02,1.29,-8.41,4.86,358.125,7.5625,59.9375,0.864868,-0.49469,-0.0839844,0.0137329,0,3,1,0
-4771,-0.07,0.12,-0.15,1.29,-8.41,4.86,358.125,7.5625,59.9375,0.864807,-0.494873,-0.0839844,0.0136719,0,3,1,0
-4751,-0.08,0.09,-0.1,1.29,-8.41,4.86,358.125,7.5625,59.9375,0.864807,-0.494812,-0.0839844,0.0137329,0,3,1,0
-4731,-0.04,0.05,-0.04,1.29,-8.41,4.87,358.125,7.5625,59.875,0.86499,-0.494568,-0.0839844,0.0137329,0,3,1,0
-4711,0.04,-0.17,0.2,1.29,-8.4,4.87,358.125,7.5625,59.875,0.865112,-0.494263,-0.0839233,0.0137939,0,3,1,0
-4691,0.09,-0.18,0.34,1.29,-8.4,4.87,358.125,7.5625,59.875,0.865173,-0.494202,-0.0839233,0.0137939,0,3,1,0
-4671,0,0.03,0.06,1.29,-8.41,4.87,358.125,7.5625,59.875,0.865051,-0.494446,-0.0839233,0.0137329,0,3,1,0
-4651,-0.07,0.1,-0.11,1.29,-8.41,4.86,358.125,7.5625,59.9375,0.864929,-0.49469,-0.0839844,0.0137329,0,3,1,0
-4631,-0.1,0.02,-0.17,1.29,-8.41,4.86,358.125,7.5625,59.9375,0.864868,-0.49469,-0.0839844,0.0137329,0,3,1,0
-4611,-0.08,0,-0.07,1.29,-8.41,4.87,358.125,7.5625,59.875,0.86499,-0.494507,-0.0839844,0.0137939,0,3,1,0
-4591,-0.01,-0.08,0.16,1.29,-8.4,4.87,358.125,7.5625,59.875,0.865173,-0.494263,-0.0839844,0.0137939,0,3,1,0
-4571,0.06,-0.12,0.24,1.29,-8.4,4.87,358.125,7.5625,59.875,0.865173,-0.494141,-0.0839844,0.0137939,0,3,1,0
-4551,0.07,0.01,0.26,1.29,-8.41,4.87,358.125,7.5625,59.875,0.865051,-0.494385,-0.0839844,0.0137939,0,3,1,0
-4531,0,0.05,0.08,1.29,-8.41,4.86,358.125,7.5,59.9375,0.864929,-0.49469,-0.0839844,0.0137939,0,3,1,0
-4511,-0.08,0.06,-0.11,1.29,-8.41,4.86,358.125,7.5625,59.9375,0.864807,-0.494873,-0.0840454,0.0137939,0,3,1,0
-4491,-0.06,0.07,-0.12,1.29,-8.41,4.86,358.125,7.5625,59.9375,0.864807,-0.494873,-0.0840454,0.0137939,0,3,1,0
-4471,-0.02,0.03,-0.01,1.29,-8.41,4.86,358.125,7.5625,59.9375,0.864868,-0.49469,-0.0840454,0.013855,0,3,1,0
-4451,0.06,-0.01,0.14,1.29,-8.41,4.87,358.125,7.5625,59.875,0.86499,-0.494507,-0.0840454,0.013855,0,3,1,0
-4431,0.08,-0.04,0.2,1.29,-8.41,4.87,358.125,7.5625,59.875,0.86499,-0.494507,-0.0840454,0.013855,0,3,1,0
-4411,0,-0.01,0.14,1.29,-8.41,4.87,358.125,7.5625,59.875,0.86499,-0.494568,-0.0840454,0.0137939,0,3,1,0
-4390,-0.08,0,-0.01,1.29,-8.41,4.86,358.125,7.5625,59.9375,0.864868,-0.49469,-0.0840454,0.0137939,0,3,1,0
-4370,-0.11,0,-0.08,1.29,-8.41,4.86,358.125,7.5625,59.9375,0.864868,-0.49469,-0.0840454,0.0137939,0,3,1,0
-4350,-0.09,-0.01,-0.05,1.29,-8.41,4.86,358.125,7.5,59.9375,0.864929,-0.494629,-0.0839844,0.013855,0,3,1,0
-4330,-0.01,-0.01,0.06,1.29,-8.41,4.87,358.125,7.5,59.875,0.86499,-0.494507,-0.0839844,0.013855,0,3,1,0
-4310,0.05,-0.02,0.18,1.29,-8.41,4.87,358.125,7.5,59.875,0.86499,-0.494507,-0.0839844,0.013855,0,3,1,0
-4290,0.01,0,0.16,1.29,-8.41,4.87,358.125,7.5,59.875,0.864929,-0.494629,-0.0839844,0.013855,0,3,1,0
-4270,-0.01,0.01,0,1.28,-8.41,4.86,358.125,7.5,59.9375,0.864807,-0.494812,-0.0839233,0.013855,0,3,1,0
-4250,-0.07,0,-0.07,1.28,-8.41,4.86,358.125,7.5,59.9375,0.864807,-0.494873,-0.0839233,0.013855,0,3,1,0
-4230,-0.07,0.01,-0.05,1.28,-8.41,4.86,358.125,7.5,59.9375,0.864807,-0.494812,-0.0839233,0.013916,0,3,1,0
-4210,-0.03,-0.01,0.01,1.29,-8.41,4.87,358.125,7.5,59.875,0.864929,-0.494629,-0.0839844,0.0137939,0,3,1,0
-4190,0.03,-0.05,0.2,1.29,-8.41,4.87,358.125,7.5625,59.875,0.865051,-0.494446,-0.0840454,0.0137329,0,3,1,0
-4170,0.11,-0.05,0.27,1.29,-8.41,4.87,358.125,7.5625,59.875,0.86499,-0.494446,-0.0840454,0.0136719,0,3,1,0
-4150,0.03,0.03,0.16,1.29,-8.41,4.86,358.188,7.5625,59.875,0.864929,-0.494629,-0.0840454,0.0136719,0,3,1,0
-4130,-0.08,0.08,-0.07,1.29,-8.41,4.86,358.125,7.5625,59.9375,0.864807,-0.494812,-0.0839844,0.0137329,0,3,1,0
-4110,-0.1,0.04,-0.11,1.29,-8.41,4.86,358.125,7.5625,59.9375,0.864807,-0.494873,-0.0839844,0.0137329,0,3,1,0
-4090,-0.08,-0.04,-0.06,1.29,-8.41,4.86,358.125,7.5625,59.9375,0.864868,-0.494751,-0.0839844,0.0137329,0,3,1,0
-4070,0.05,-0.19,0.1,1.29,-8.41,4.86,358.125,7.5625,59.9375,0.864929,-0.49469,-0.0839844,0.0137329,0,3,1,0
-4050,0.12,-0.18,0.23,1.29,-8.41,4.87,358.188,7.5625,59.875,0.864929,-0.494629,-0.0840454,0.0136719,0,3,1,0
-4029,0.05,0.04,0.15,1.29,-8.41,4.86,358.188,7.5625,59.9375,0.864807,-0.494812,-0.0841064,0.0136719,0,3,1,0
-4009,-0.01,0.18,0,1.29,-8.41,4.86,358.125,7.5625,59.9375,0.864685,-0.495056,-0.0841064,0.0137329,0,3,1,0
-3989,-0.11,0.1,-0.07,1.29,-8.41,4.85,358.125,7.5625,60,0.864624,-0.495178,-0.0841064,0.0137939,0,3,1,0
-3969,-0.12,0.01,-0.11,1.29,-8.41,4.85,358.125,7.5625,60,0.864624,-0.495178,-0.0840454,0.0137939,0,3,1,0
-3949,-0.03,-0.13,0,1.29,-8.41,4.85,358.125,7.5625,60,0.864624,-0.495178,-0.0840454,0.013855,0,3,1,0
-3929,0.06,-0.16,0.11,1.29,-8.41,4.86,358.125,7.5625,59.9375,0.864746,-0.494934,-0.0840454,0.013855,0,3,1,0
-3909,0.07,-0.03,0.16,1.29,-8.41,4.86,358.125,7.5625,59.9375,0.864746,-0.494934,-0.0840454,0.013855,0,3,1,0
-3889,0.01,0.1,0.13,1.29,-8.41,4.86,358.125,7.5625,59.9375,0.864807,-0.494873,-0.0840454,0.013855,0,3,1,0
-3869,-0.07,0.12,0.01,1.29,-8.41,4.86,358.125,7.5625,59.9375,0.864746,-0.494873,-0.0840454,0.013855,0,3,1,0
-3849,-0.06,0.03,-0.02,1.29,-8.41,4.86,358.125,7.5,59.9375,0.864746,-0.494873,-0.0840454,0.013855,0,3,1,0
-3829,-0.02,-0.06,-0.03,1.29,-8.41,4.86,358.125,7.5,59.9375,0.864746,-0.494873,-0.0839844,0.013855,0,3,1,0
-3809,0.06,-0.08,0,1.29,-8.41,4.86,358.125,7.5,59.9375,0.864807,-0.494873,-0.0839844,0.013855,0,3,1,0
-3789,0.02,-0.01,0.07,1.29,-8.41,4.86,358.125,7.5,59.9375,0.864807,-0.494873,-0.0840454,0.013855,0,3,1,0
-3769,0,0.04,0.1,1.29,-8.41,4.86,358.125,7.5,59.9375,0.864807,-0.494812,-0.0839844,0.013916,0,3,1,0
-3749,-0.09,0,0.07,1.28,-8.41,4.86,358.125,7.5,59.9375,0.864807,-0.494812,-0.0839844,0.013916,0,3,1,0
-3729,-0.08,-0.08,0,1.28,-8.41,4.86,358.125,7.5,59.9375,0.864807,-0.494812,-0.0839844,0.013916,0,3,1,0
-3709,-0.05,-0.07,0,1.28,-8.41,4.86,358.125,7.5,59.9375,0.864807,-0.494812,-0.0839844,0.013916,0,3,1,0
-3689,0,0,0,1.28,-8.41,4.86,358.125,7.5,59.9375,0.864807,-0.494812,-0.0839844,0.013916,0,3,1,0
-3669,-0.01,0.03,-0.03,1.28,-8.41,4.86,358.125,7.5,59.9375,0.864807,-0.494812,-0.0839844,0.013916,0,3,1,0
-3648,-0.01,0.03,0.04,1.28,-8.41,4.86,358.125,7.5,59.9375,0.864807,-0.494812,-0.0839844,0.013916,0,3,1,0
-3628,0,-0.06,0.04,1.28,-8.41,4.86,358.125,7.5,59.9375,0.864807,-0.494812,-0.0839233,0.013855,0,3,1,0
-3608,0,-0.09,0.04,1.28,-8.41,4.86,358.125,7.5,59.9375,0.864807,-0.494812,-0.0839233,0.013855,0,3,1,0
-3588,-0.02,-0.01,0.05,1.28,-8.41,4.86,358.125,7.5,59.9375,0.864868,-0.49469,-0.0839844,0.0137939,0,3,1,0
-3568,-0.02,0.07,0.03,1.29,-8.41,4.86,358.125,7.5625,59.9375,0.864929,-0.49469,-0.0839844,0.0137939,0,3,1,0
-3548,-0.02,0.07,0.08,1.29,-8.41,4.86,358.125,7.5625,59.9375,0.864929,-0.49469,-0.0839844,0.0137939,0,3,1,0
-3528,0.02,0,0.14,1.29,-8.41,4.86,358.125,7.5625,59.9375,0.864929,-0.49469,-0.0839844,0.0137939,0,3,1,0
-3508,0.03,-0.09,0.11,1.29,-8.41,4.86,358.125,7.5625,59.9375,0.864929,-0.49469,-0.0839844,0.0137939,0,3,1,0
-3488,0,-0.08,0,1.29,-8.41,4.86,358.125,7.5625,59.9375,0.864929,-0.49469,-0.0839844,0.0137939,0,3,1,0
-3468,-0.04,-0.02,-0.05,1.29,-8.41,4.86,358.125,7.5625,59.875,0.864929,-0.494629,-0.0839844,0.0137939,0,3,1,0
-3448,-0.09,0.07,-0.08,1.29,-8.41,4.87,358.125,7.5625,59.875,0.86499,-0.494507,-0.0839844,0.0137939,0,3,1,0
-3428,-0.09,0.05,0,1.29,-8.4,4.87,358.188,7.5625,59.875,0.865173,-0.494202,-0.0840454,0.0136719,0,3,1,0
-3408,0,-0.04,0.09,1.29,-8.4,4.87,358.188,7.5625,59.8125,0.865234,-0.49408,-0.0841064,0.0136719,0,3,1,0
-3388,0.04,-0.11,0.15,1.29,-8.4,4.88,358.188,7.5625,59.8125,0.865234,-0.49408,-0.0841064,0.0136719,0,3,1,0
-3368,0.05,-0.08,0.11,1.29,-8.4,4.87,358.188,7.5625,59.875,0.865112,-0.494263,-0.0841064,0.0136108,0,3,1,0
-3348,-0.03,0.05,0.01,1.29,-8.4,4.87,358.188,7.5625,59.875,0.865051,-0.494385,-0.0841064,0.0136108,0,3,1,0
-3328,-0.1,0.06,-0.04,1.29,-8.41,4.87,358.188,7.5625,59.875,0.865051,-0.494385,-0.0841064,0.0136108,0,3,1,0
-3308,-0.1,0,-0.01,1.29,-8.41,4.87,358.188,7.5625,59.875,0.865051,-0.494385,-0.0841064,0.0136108,0,3,1,0
-3288,-0.07,-0.07,0.02,1.29,-8.4,4.87,358.188,7.5625,59.875,0.865112,-0.494263,-0.0840454,0.0136108,0,3,1,0
-3267,0,-0.09,0.13,1.29,-8.4,4.87,358.188,7.5625,59.875,0.865112,-0.494263,-0.0840454,0.0136108,0,3,1,0
-3247,0.02,-0.03,0.17,1.29,-8.4,4.87,358.188,7.5625,59.875,0.865112,-0.494324,-0.0840454,0.0136108,0,3,1,0
-3227,0,0.11,0.05,1.29,-8.41,4.87,358.188,7.5625,59.875,0.865051,-0.494446,-0.0840454,0.0136108,0,3,1,0
-3207,-0.02,0.11,0,1.29,-8.41,4.87,358.188,7.5625,59.875,0.865051,-0.494446,-0.0839844,0.0136108,0,3,1,0
-3187,-0.04,-0.02,-0.01,1.29,-8.41,4.87,358.188,7.5625,59.875,0.865051,-0.494446,-0.0839844,0.0136719,0,3,1,0
-3167,-0.05,-0.07,-0.02,1.29,-8.41,4.87,358.125,7.5625,59.875,0.865112,-0.494324,-0.0839844,0.0136719,0,3,1,0
-3147,-0.03,-0.11,0.05,1.29,-8.4,4.87,358.188,7.5625,59.875,0.865173,-0.494202,-0.0839844,0.0136719,0,3,1,0
-3127,-0.01,-0.08,0.1,1.29,-8.4,4.87,358.188,7.5625,59.875,0.865173,-0.494202,-0.0841064,0.0135498,0,3,1,0
-3107,-0.01,0.09,0.12,1.29,-8.4,4.87,358.188,7.5625,59.875,0.865112,-0.494202,-0.0841675,0.0134888,0,3,1,0
-3087,-0.04,0.12,0.09,1.29,-8.41,4.87,358.188,7.5625,59.875,0.865051,-0.494385,-0.0841064,0.0135498,0,3,1,0
-3067,-0.08,-0.01,-0.05,1.29,-8.41,4.87,358.188,7.5625,59.875,0.864929,-0.494568,-0.0839844,0.0136719,0,3,1,0
-3047,-0.09,-0.07,-0.04,1.28,-8.41,4.87,358.188,7.5,59.875,0.86499,-0.494568,-0.0838013,0.0136108,0,3,1,0
-3027,-0.09,-0.1,-0.04,1.28,-8.41,4.87,358.188,7.5,59.875,0.865051,-0.494446,-0.0837402,0.0135498,0,3,1,0
-3007,-0.04,-0.11,0.08,1.29,-8.4,4.87,358.188,7.5625,59.875,0.865173,-0.494202,-0.0837402,0.0133667,0,3,1,0
-2987,-0.02,-0.04,0.2,1.29,-8.4,4.87,358.25,7.5625,59.875,0.865173,-0.494202,-0.0838623,0.0131226,0,3,1,0
-2967,0,0.11,0.05,1.29,-8.4,4.87,358.25,7.5625,59.875,0.865173,-0.494263,-0.0839844,0.0130005,0,3,1,0
-2947,-0.03,0.1,-0.01,1.29,-8.4,4.87,358.25,7.5625,59.875,0.865173,-0.494324,-0.0838623,0.0128784,0,3,1,0
-2927,-0.08,0.01,-0.07,1.29,-8.4,4.87,358.25,7.5625,59.875,0.865173,-0.494324,-0.0836182,0.0127563,0,3,1,0
-2906,-0.08,-0.01,-0.02,1.29,-8.4,4.88,358.312,7.5625,59.8125,0.865295,-0.494141,-0.083374,0.0125732,0,3,1,0
-2886,-0.06,-0.09,0.11,1.29,-8.4,4.88,358.312,7.5625,59.8125,0.865417,-0.493958,-0.083252,0.0123291,0,3,1,0
-2866,0.03,-0.16,0.19,1.29,-8.4,4.88,358.375,7.5625,59.8125,0.865479,-0.493896,-0.083252,0.012085,0,3,1,0
-2846,0.14,-0.02,0.15,1.29,-8.4,4.88,358.375,7.5625,59.8125,0.865479,-0.493835,-0.083313,0.0119019,0,3,1,0
-2826,0.13,0.06,0.03,1.29,-8.4,4.88,358.375,7.5625,59.8125,0.865479,-0.493835,-0.083313,0.0119019,0,3,1,0
-2806,-0.06,0.1,-0.05,1.29,-8.4,4.88,358.375,7.5625,59.8125,0.865479,-0.493835,-0.083313,0.0119019,0,3,1,0
-2786,-0.08,0.03,0.05,1.29,-8.4,4.88,358.375,7.5625,59.75,0.86554,-0.493774,-0.083313,0.0119019,0,3,1,0
-2766,-0.08,-0.06,0.11,1.29,-8.4,4.89,358.375,7.5625,59.75,0.865601,-0.493652,-0.083313,0.0119629,0,3,1,0
-2746,0.04,-0.11,0.17,1.29,-8.4,4.89,358.375,7.5625,59.75,0.865601,-0.493652,-0.083313,0.0119629,0,3,1,0
-2726,0.03,-0.14,0.12,1.29,-8.4,4.88,358.375,7.5625,59.75,0.86554,-0.493713,-0.083313,0.0119019,0,3,1,0
-2706,-0.06,-0.02,-0.01,1.29,-8.4,4.88,358.375,7.5625,59.75,0.865479,-0.493774,-0.083313,0.0119019,0,3,1,0
-2686,-0.12,0.02,-0.06,1.29,-8.4,4.88,358.375,7.5625,59.75,0.865479,-0.493774,-0.083313,0.0119019,0,3,1,0
-2666,-0.12,0.04,-0.02,1.29,-8.4,4.88,358.375,7.5625,59.75,0.86554,-0.493774,-0.083313,0.0119019,0,3,1,0
-2646,-0.09,0.06,0.01,1.29,-8.4,4.89,358.375,7.5625,59.75,0.865601,-0.493652,-0.083313,0.0119629,0,3,1,0
-2626,0.01,-0.1,0.13,1.29,-8.4,4.89,358.375,7.5625,59.75,0.865601,-0.493652,-0.083313,0.0119629,0,3,1,0
-2606,0.08,-0.15,0.19,1.29,-8.4,4.88,358.375,7.5625,59.75,0.865479,-0.493774,-0.083313,0.0119019,0,3,1,0
-2586,0.02,0,0.01,1.29,-8.4,4.88,358.375,7.5625,59.8125,0.865356,-0.494019,-0.083313,0.0119019,0,3,1,0
-2566,-0.02,0.05,-0.06,1.29,-8.4,4.88,358.375,7.5625,59.8125,0.865356,-0.49408,-0.083313,0.0119019,0,3,1,0
-2546,-0.06,0.04,-0.09,1.29,-8.4,4.88,358.375,7.5625,59.8125,0.865356,-0.494019,-0.083313,0.0119019,0,3,1,0
-2525,-0.06,0.04,-0.04,1.29,-8.4,4.88,358.375,7.5625,59.8125,0.865479,-0.493835,-0.083313,0.0119019,0,3,1,0
-2505,-0.01,-0.02,0.03,1.29,-8.4,4.89,358.375,7.5625,59.75,0.865601,-0.493652,-0.083313,0.0119019,0,3,1,0
-2485,0.09,-0.09,0.18,1.29,-8.39,4.89,358.375,7.5625,59.75,0.865601,-0.493591,-0.083313,0.0119629,0,3,1,0
-2465,0.09,-0.01,0.18,1.29,-8.4,4.89,358.375,7.5625,59.75,0.865601,-0.493652,-0.083313,0.0119629,0,3,1,0
-2445,0.01,0.09,0.04,1.29,-8.4,4.88,358.375,7.5625,59.75,0.865479,-0.493774,-0.083313,0.0119019,0,3,1,0
-2425,-0.05,0.02,-0.02,1.3,-8.4,4.88,358.375,7.5625,59.8125,0.865417,-0.493835,-0.0834351,0.0119629,0,3,1,0
-2405,-0.11,-0.04,-0.04,1.29,-8.4,4.88,358.375,7.5625,59.8125,0.865417,-0.493896,-0.0834351,0.0120239,0,3,1,0
-2385,-0.09,-0.06,0,1.29,-8.4,4.88,358.375,7.5625,59.8125,0.865479,-0.493835,-0.0834351,0.0120239,0,3,1,0
-2365,-0.02,-0.07,0.06,1.29,-8.4,4.88,358.375,7.5625,59.8125,0.865479,-0.493835,-0.0834351,0.0120239,0,3,1,0
-2345,0.02,-0.03,0.1,1.29,-8.4,4.88,358.375,7.5625,59.8125,0.865479,-0.493835,-0.0834351,0.0120239,0,3,1,0
-2325,-0.05,0.01,0.05,1.29,-8.4,4.88,358.375,7.5625,59.8125,0.865479,-0.493835,-0.0834351,0.0120239,0,3,1,0
-2305,-0.08,0.02,0.04,1.29,-8.4,4.88,358.375,7.5625,59.8125,0.865417,-0.493896,-0.0834351,0.0120239,0,3,1,0
-2285,-0.07,0,-0.01,1.29,-8.4,4.88,358.375,7.5625,59.8125,0.865417,-0.493896,-0.0834351,0.0120239,0,3,1,0
-2265,-0.03,-0.02,0.02,1.29,-8.4,4.88,358.375,7.5625,59.8125,0.865417,-0.493896,-0.0834351,0.0120239,0,3,1,0
-2245,0.03,-0.04,0.01,1.29,-8.4,4.88,358.375,7.5625,59.8125,0.865417,-0.493896,-0.0834351,0.0120239,0,3,1,0
-2225,0.01,0,0.04,1.29,-8.4,4.88,358.375,7.5625,59.8125,0.865417,-0.493896,-0.0834351,0.0120239,0,3,1,0
-2205,-0.03,0,0.07,1.29,-8.4,4.88,358.375,7.5625,59.8125,0.865417,-0.493896,-0.0834351,0.0120239,0,3,1,0
-2185,-0.06,0.03,0.08,1.29,-8.4,4.88,358.375,7.5625,59.8125,0.865417,-0.493896,-0.0834351,0.0120239,0,3,1,0
-2165,-0.04,-0.03,0.04,1.29,-8.4,4.88,358.375,7.5625,59.8125,0.865417,-0.493896,-0.0834351,0.0120239,0,3,1,0
-2144,0,-0.02,-0.02,1.29,-8.4,4.88,358.375,7.5625,59.8125,0.865417,-0.493896,-0.0834351,0.0120239,0,3,1,0
-2124,-0.01,-0.01,-0.01,1.29,-8.4,4.88,358.375,7.5625,59.8125,0.865417,-0.493896,-0.0834351,0.0120239,0,3,1,0
-2104,-0.02,0,0.09,1.29,-8.4,4.88,358.375,7.5625,59.8125,0.865417,-0.493896,-0.0834351,0.0120239,0,3,1,0
-2084,-0.03,0.01,0.08,1.29,-8.4,4.88,358.375,7.5625,59.8125,0.865417,-0.493896,-0.083374,0.012085,0,3,1,0
-2064,-0.09,-0.02,0.03,1.29,-8.4,4.88,358.375,7.5625,59.8125,0.865417,-0.493958,-0.083313,0.012146,0,3,1,0
-2044,-0.12,-0.07,0.02,1.29,-8.4,4.88,358.375,7.5625,59.8125,0.865417,-0.493958,-0.083313,0.012146,0,3,1,0
-2024,-0.06,-0.06,0.03,1.29,-8.4,4.88,358.375,7.5625,59.8125,0.865417,-0.493896,-0.083374,0.012146,0,3,1,0
-2004,-0.02,-0.01,0.06,1.29,-8.4,4.88,358.375,7.5625,59.8125,0.865417,-0.493896,-0.0834351,0.0120239,0,3,1,0
-1984,0,0.02,0.04,1.29,-8.4,4.88,358.375,7.5625,59.8125,0.865417,-0.493896,-0.0834351,0.0120239,0,3,1,0
-1964,-0.02,0.02,-0.01,1.29,-8.4,4.88,358.375,7.5625,59.8125,0.865417,-0.493896,-0.0834351,0.0120239,0,3,1,0
-1944,-0.09,0,-0.06,1.29,-8.4,4.88,358.375,7.5625,59.8125,0.865417,-0.493896,-0.083374,0.012146,0,3,1,0
-1924,-0.09,-0.05,-0.04,1.29,-8.4,4.88,358.375,7.5625,59.8125,0.865479,-0.493835,-0.083374,0.012146,0,3,1,0
-1904,0,-0.15,0.14,1.29,-8.4,4.88,358.375,7.5625,59.75,0.86554,-0.493713,-0.083374,0.012085,0,3,1,0
-1884,0.06,-0.13,0.21,1.3,-8.4,4.89,358.375,7.5625,59.75,0.86554,-0.493652,-0.0834351,0.0120239,0,3,1,0
-1864,0.04,0.11,0.1,1.3,-8.4,4.88,358.375,7.625,59.75,0.86554,-0.493713,-0.0834961,0.0119629,0,3,1,0
-1844,-0.05,0.14,0.02,1.3,-8.4,4.88,358.375,7.625,59.8125,0.865479,-0.493835,-0.0834961,0.0119019,0,3,1,0
-1824,-0.1,0.12,-0.07,1.3,-8.4,4.88,358.375,7.5625,59.8125,0.865417,-0.493896,-0.0834351,0.0119629,0,3,1,0
-1804,-0.11,-0.01,-0.05,1.3,-8.4,4.88,358.375,7.5625,59.8125,0.865417,-0.493896,-0.0834351,0.0119629,0,3,1,0
-1783,-0.07,-0.14,0.05,1.3,-8.4,4.88,358.375,7.5625,59.75,0.86554,-0.493713,-0.0834961,0.0119629,0,3,1,0
-1763,0.1,-0.25,0.26,1.3,-8.4,4.88,358.375,7.625,59.75,0.86554,-0.493713,-0.0835571,0.0117798,0,3,1,0
-1743,0.13,-0.11,0.21,1.3,-8.4,4.88,358.438,7.625,59.75,0.865479,-0.493774,-0.0837402,0.0118408,0,3,1,0
-1723,-0.08,0.11,-0.06,1.3,-8.4,4.88,358.375,7.625,59.8125,0.865417,-0.493835,-0.0838623,0.0119019,0,3,1,0
-1703,-0.19,0.13,-0.1,1.3,-8.4,4.88,358.375,7.625,59.8125,0.865417,-0.493835,-0.0839233,0.0119019,0,3,1,0
-1683,-0.25,0,0,1.3,-8.4,4.88,358.375,7.625,59.8125,0.865417,-0.493774,-0.0839844,0.0118408,0,3,1,0
-1663,-0.19,0,0.09,1.31,-8.39,4.88,358.438,7.625,59.75,0.86554,-0.49353,-0.0840454,0.0116577,0,3,1,0
-1643,-0.11,-0.09,0.11,1.31,-8.39,4.89,358.438,7.6875,59.75,0.865662,-0.493408,-0.0840454,0.0115967,0,3,1,0
-1623,-0.1,-0.19,0.14,1.32,-8.39,4.89,358.5,7.6875,59.6875,0.865845,-0.492981,-0.0842285,0.0111694,0,3,1,0
-1603,-0.12,-0.07,0.21,1.32,-8.38,4.9,358.5,7.75,59.6875,0.865906,-0.492859,-0.0843506,0.0110474,0,3,1,0
-1583,-0.16,0.11,0.17,1.33,-8.38,4.9,358.562,7.75,59.625,0.866028,-0.492615,-0.0846558,0.0107422,0,3,1,0
-1563,-0.19,0.26,0.08,1.33,-8.38,4.9,358.562,7.8125,59.625,0.866028,-0.492554,-0.0848389,0.010437,0,3,1,0
-1543,-0.2,0.24,0.06,1.34,-8.38,4.9,358.625,7.8125,59.625,0.866089,-0.492554,-0.0848999,0.0102539,0,3,1,0
-1523,-0.07,-0.05,0.06,1.34,-8.38,4.9,358.625,7.875,59.625,0.86615,-0.492371,-0.085083,0.0100098,0,3,1,0
-1503,0.1,-0.12,0.03,1.35,-8.37,4.91,358.688,7.875,59.5625,0.866272,-0.492249,-0.085144,0.0098877,0,3,1,0
-1483,0.29,-0.06,-0.01,1.35,-8.37,4.91,358.688,7.9375,59.5625,0.866577,-0.491699,-0.0852051,0.00946045,0,3,1,0
-1463,0.3,0.02,-0.06,1.35,-8.37,4.92,358.75,7.9375,59.5,0.866699,-0.491394,-0.0853271,0.00927734,0,3,1,0
-1443,0.16,0.11,-0.02,1.36,-8.36,4.93,358.75,7.9375,59.4375,0.86676,-0.491272,-0.0853882,0.00915527,0,3,1,0
-1423,-0.12,0.07,-0.01,1.36,-8.36,4.93,358.812,8,59.4375,0.866882,-0.491028,-0.0855713,0.0088501,0,3,1,0
-1402,-0.17,0,0.05,1.37,-8.36,4.93,358.812,8,59.4375,0.866943,-0.490906,-0.0856934,0.00866699,0,3,1,0
-1382,0.09,-0.22,0.2,1.38,-8.35,4.93,358.875,8.0625,59.375,0.867126,-0.490601,-0.0860596,0.0078125,0,3,1,0
-1362,0.38,-0.13,0.08,1.39,-8.35,4.94,359,8.1875,59.375,0.867188,-0.490356,-0.086731,0.00726318,0,3,1,0
-1342,0.27,0.13,0.04,1.41,-8.35,4.94,359.062,8.25,59.375,0.867126,-0.490295,-0.0872192,0.00708008,0,3,1,0
-1322,0.27,0.26,0.12,1.43,-8.35,4.93,359.062,8.4375,59.375,0.866943,-0.490417,-0.088562,0.00689697,0,3,1,0
-1302,0.06,0.27,0.25,1.44,-8.35,4.93,359.062,8.4375,59.4375,0.866821,-0.49054,-0.0891724,0.00695801,0,3,1,0
-1282,-0.02,0.15,0.1,1.47,-8.35,4.91,359,8.6875,59.5,0.866272,-0.490967,-0.0916748,0.00744629,0,3,1,0
-1262,-0.04,-0.15,0.23,1.49,-8.35,4.9,358.938,8.8125,59.5625,0.865967,-0.491272,-0.0932617,0.00799561,0,3,1,0
-1242,0.06,-0.34,0.4,1.51,-8.36,4.89,358.875,8.875,59.625,0.865723,-0.491516,-0.0939331,0.00836182,0,3,1,0
-1222,-0.06,-0.6,-0.14,1.53,-8.36,4.87,358.75,9.0625,59.8125,0.864807,-0.492737,-0.0963135,0.00909424,0,3,1,0
-1202,-0.18,-0.51,-0.58,1.56,-8.37,4.85,358.75,9.125,59.875,0.864441,-0.493164,-0.097229,0.00909424,0,3,1,0
-1182,-0.13,-0.17,-0.71,1.6,-8.38,4.82,358.938,9.5,60.125,0.86322,-0.49469,-0.100464,0.00793457,0,3,1,0
-1162,0.06,0.19,-0.59,1.64,-8.39,4.79,359.125,9.8125,60.375,0.862061,-0.496277,-0.102661,0.00634766,0,3,1,0
-1142,0.25,0.44,0.01,1.69,-8.41,4.74,359.25,9.9375,60.5625,0.860413,-0.498596,-0.104858,0.00469971,0,3,1,0
-1122,0.22,0.13,0.16,1.74,-8.43,4.68,359.5,10.3125,61.125,0.858582,-0.501404,-0.10675,0.00360107,0,3,1,0
-1102,0.05,-0.29,0.27,1.77,-8.46,4.62,359.562,10.4375,61.3125,0.857666,-0.502808,-0.107605,0.00317383,0,3,1,0
-1082,-0.19,-0.45,0.5,1.81,-8.49,4.55,359.75,10.75,61.9375,0.854858,-0.507019,-0.110229,0.00164795,0,3,1,0
-1062,-0.44,-0.21,0.66,1.85,-8.51,4.49,359.938,11,62.375,0.852783,-0.509949,-0.11261,0.000488281,0,3,1,0
-1041,-0.63,0.17,0.27,1.9,-8.54,4.42,0,11.1875,62.625,0.850586,-0.513,-0.115723,-0.000854492,0,3,1,0
-1021,-0.65,-0.01,-0.08,1.97,-8.56,4.34,0.25,11.8125,63.3125,0.848267,-0.51593,-0.119385,-0.00231934,0,3,1,0
-1001,-0.5,-0.4,-0.55,2.04,-8.58,4.26,0.375,12,63.5625,0.84613,-0.518494,-0.12323,-0.00421143,0,3,1,0
-981,-0.36,-0.43,-0.66,2.12,-8.59,4.2,0.9375,12.75,64.0625,0.844482,-0.520386,-0.126648,-0.00695801,0,3,1,0
-961,-0.11,-0.25,-0.53,2.2,-8.6,4.15,1.375,13.1875,64.25,0.843201,-0.521729,-0.12915,-0.010376,0,3,1,0
-941,0,0.04,-0.2,2.27,-8.6,4.12,1.875,13.5625,64.4375,0.842041,-0.523071,-0.130859,-0.0142212,0,3,1,0
-921,0.18,0.11,-0.07,2.33,-8.6,4.08,2.4375,13.9375,64.6875,0.840759,-0.524719,-0.132141,-0.0181274,0,3,1,0
-901,0.17,-0.06,0.19,2.39,-8.6,4.04,2.75,14.125,64.8125,0.839172,-0.526794,-0.133484,-0.0223389,0,3,1,0
-881,0.21,-0.11,0.28,2.5,-8.61,3.95,3.625,14.75,65.3125,0.837219,-0.529175,-0.135315,-0.0269165,0,3,1,0
-861,0.43,0.14,0.3,2.59,-8.61,3.89,4.3125,15.3125,65.625,0.835205,-0.531372,-0.138062,-0.0316162,0,3,1,0
-841,0.01,0.26,0.56,2.63,-8.61,3.86,4.9375,15.875,65.9375,0.833313,-0.533142,-0.141357,-0.0361938,0,3,1,0
-821,-0.12,0.33,0.29,2.77,-8.6,3.79,5.5,16.4375,66.1875,0.831665,-0.534668,-0.14447,-0.0402832,0,3,1,0
-801,-0.11,0.52,-0.01,2.81,-8.6,3.77,5.75,16.6875,66.3125,0.830322,-0.535828,-0.146606,-0.0439453,0,3,1,0
-781,0.02,0.32,-0.19,2.89,-8.59,3.72,6.5,17.125,66.5,0.829407,-0.536804,-0.147339,-0.0471191,0,3,1,0
-761,0.16,-0.28,0.08,2.92,-8.59,3.71,6.875,17.3125,66.625,0.828735,-0.537537,-0.147461,-0.0499268,0,3,1,0
-741,0.12,-0.58,0.22,2.95,-8.58,3.7,7.25,17.5,66.625,0.828369,-0.537842,-0.147827,-0.0524902,0,3,1,0
-721,0,-0.35,0.24,2.99,-8.57,3.7,7.5625,17.75,66.625,0.828125,-0.53772,-0.14856,-0.0548096,0,3,1,0
-701,0,-0.2,0.55,3,-8.56,3.7,7.8125,17.9375,66.625,0.827881,-0.53772,-0.149414,-0.0566406,0,3,1,0
-681,0,-0.24,0.67,3.04,-8.56,3.68,8,18.0625,66.6875,0.827271,-0.538269,-0.150146,-0.0579834,0,3,1,0
-660,0.04,-0.15,0.42,3.07,-8.56,3.65,8.1875,18.25,66.875,0.826294,-0.539368,-0.15094,-0.0593872,0,3,1,0
-640,-0.08,-0.1,0.23,3.1,-8.57,3.61,8.375,18.4375,67.0625,0.825134,-0.54071,-0.151855,-0.0608521,0,3,1,0
-620,-0.31,-0.03,0.01,3.12,-8.57,3.58,8.625,18.5625,67.3125,0.823853,-0.542236,-0.152527,-0.062439,0,3,1,0
-600,-0.39,-0.13,-0.02,3.15,-8.57,3.54,8.875,18.75,67.5,0.822632,-0.543701,-0.153381,-0.064209,0,3,1,0
-580,-0.25,-0.31,0.01,3.2,-8.57,3.51,9.1875,19,67.6875,0.821533,-0.544739,-0.154724,-0.0661621,0,3,1,0
-560,-0.22,-0.24,0.01,3.24,-8.57,3.49,9.5,19.3125,67.8125,0.820557,-0.545532,-0.156372,-0.0682373,0,3,1,0
-540,-0.11,-0.01,0.33,3.3,-8.55,3.46,9.8125,19.625,67.9375,0.819641,-0.546082,-0.158325,-0.0705566,0,3,1,0
-520,0.01,-0.27,0.64,3.36,-8.54,3.44,10.125,20,68.0625,0.818604,-0.546509,-0.160767,-0.072876,0,3,1,0
-500,0.13,-1.04,0.93,3.44,-8.52,3.41,10.5,20.5,68.1875,0.817444,-0.546936,-0.164246,-0.0753784,0,3,1,0
-480,0.08,-1.23,0.72,3.54,-8.49,3.37,10.9375,21.1875,68.3125,0.815979,-0.54718,-0.16925,-0.0783691,0,3,1,0
-460,0.1,-0.93,0.46,3.68,-8.45,3.32,11.4375,22.0625,68.5,0.81427,-0.547119,-0.175964,-0.081604,0,3,1,0
-440,0.18,-0.17,0.07,3.83,-8.4,3.27,11.9375,23,68.6875,0.812378,-0.546875,-0.183777,-0.0849609,0,3,1,0
-420,-0.13,-0.07,-0.04,3.99,-8.35,3.21,12.4375,24,68.9375,0.81012,-0.546936,-0.191895,-0.0883789,0,3,1,0
-400,-0.24,-0.04,-0.08,4.14,-8.31,3.14,12.9375,25,69.25,0.807434,-0.547485,-0.199646,-0.0918579,0,3,1,0
-380,-0.55,0.44,-0.39,4.28,-8.27,3.06,13.5,25.875,69.625,0.804443,-0.548645,-0.206665,-0.095459,0,3,1,0
-360,-0.56,0.76,-0.74,4.4,-8.24,2.98,14,26.625,70.0625,0.801453,-0.550354,-0.212036,-0.0988159,0,3,1,0
-340,-0.53,0.76,-0.79,4.47,-8.22,2.9,14.5,27.125,70.5,0.798645,-0.552673,-0.215271,-0.101746,0,3,1,0
-320,-0.49,0.49,-0.67,4.52,-8.22,2.83,14.9375,27.4375,70.9375,0.796082,-0.555298,-0.216675,-0.104431,0,3,1,0
-299,-0.24,0.47,-0.66,4.55,-8.22,2.78,15.3125,27.625,71.3125,0.794006,-0.557678,-0.217102,-0.106995,0,3,1,0
-279,0.03,0.43,-0.84,4.57,-8.22,2.74,15.75,27.75,71.5,0.792419,-0.559509,-0.216858,-0.10968,0,3,1,0
-259,0.32,0.43,-0.54,4.58,-8.22,2.72,16.0625,27.875,71.6875,0.791382,-0.56073,-0.216248,-0.112061,0,3,1,0
-239,0.38,0.06,-0.07,4.59,-8.22,2.71,16.375,27.9375,71.75,0.79071,-0.561523,-0.215515,-0.114014,0,3,1,0
-219,0.32,-0.07,0.04,4.6,-8.22,2.7,16.625,28,71.75,0.790222,-0.562073,-0.215149,-0.115601,0,3,1,0
-199,-0.02,0.09,0.24,4.62,-8.21,2.68,16.8125,28.125,71.875,0.78949,-0.562683,-0.215271,-0.117065,0,3,1,0
-179,-0.24,0.39,0.23,4.64,-8.21,2.66,17.0625,28.25,72,0.788635,-0.563354,-0.216003,-0.118347,0,3,1,0
-159,-0.26,0.45,0.25,4.67,-8.2,2.64,17.1875,28.4375,72.125,0.787781,-0.563965,-0.216919,-0.119507,0,3,1,0
-139,-0.04,0.24,0.24,4.69,-8.2,2.62,17.375,28.5625,72.25,0.786865,-0.564758,-0.217834,-0.120422,0,3,1,0
-119,0.1,0.15,0.08,4.71,-8.19,2.59,17.5,28.6875,72.4375,0.785706,-0.565796,-0.218689,-0.121277,0,3,1,0
-99,0.21,0.25,-0.02,4.73,-8.2,2.55,17.6875,28.8125,72.6875,0.784485,-0.567078,-0.219299,-0.12207,0,3,1,0
-79,0.26,0.27,-0.14,4.74,-8.2,2.51,17.75,28.875,72.875,0.783203,-0.568542,-0.219788,-0.122681,0,3,1,0
-59,-0.05,0.04,-0.57,4.75,-8.2,2.48,17.8125,28.9375,73.125,0.782104,-0.569824,-0.220398,-0.122803,0,3,1,0
-39,-0.3,-0.17,-0.56,4.76,-8.21,2.45,17.875,29,73.3125,0.781128,-0.570923,-0.220947,-0.122925,0,3,1,0
-19,-0.32,-0.03,-0.23,4.76,-8.21,2.43,17.9375,29.0625,73.5,0.780334,-0.571838,-0.221191,-0.12323,0,3,1,0
0,-0.25,0.18,0.01,4.77,-8.21,2.41,18,29.0625,73.5625,0.779663,-0.572571,-0.221252,-0.123657,0,3,1,0
20,-0.25,0.13,0.3,4.77,-8.22,2.4,18.0625,29.125,73.6875,0.779175,-0.57312,-0.221313,-0.124023,0,3,1,0
40,-0.39,-0.02,0.42,4.78,-8.21,2.39,18.125,29.1875,73.75,0.778809,-0.573425,-0.221802,-0.12439,0,3,1,0
61,0.04,0.25,0,4.8,-8.2,2.38,18.25,29.3125,73.8125,0.77832,-0.573486,-0.2229,-0.125061,0,3,1,0
81,-0.06,0.49,-0.08,4.83,-8.19,2.37,18.3125,29.5,73.8125,0.777893,-0.573425,-0.22406,-0.125732,0,3,1,0
101,0.09,0.7,0.03,4.84,-8.19,2.36,18.375,29.5625,73.8125,0.777771,-0.573364,-0.224609,-0.126038,0,3,1,0
121,0.12,0.47,0.1,4.84,-8.18,2.37,18.375,29.5625,73.8125,0.777954,-0.572998,-0.224915,-0.125977,0,3,1,0
141,-0.04,-0.12,0.18,4.85,-8.18,2.38,18.3125,29.625,73.6875,0.77832,-0.572327,-0.225464,-0.125732,0,3,1,0
161,-0.27,-0.13,-0.11,4.86,-8.17,2.39,18.3125,29.6875,73.6875,0.778564,-0.571716,-0.226257,-0.125488,0,3,1,0
181,-0.23,-0.13,-0.3,4.86,-8.16,2.39,18.25,29.75,73.625,0.778809,-0.571228,-0.226685,-0.125366,0,3,1,0
201,-0.08,-0.37,-0.18,4.87,-8.16,2.4,18.25,29.75,73.5625,0.779053,-0.57074,-0.227112,-0.125305,0,3,1,0
221,-0.11,-0.31,-0.08,4.88,-8.15,2.4,18.25,29.8125,73.5,0.779175,-0.570374,-0.227661,-0.125427,0,3,1,0
241,-0.05,-0.08,0.14,4.89,-8.15,2.41,18.3125,29.875,73.5,0.779175,-0.570129,-0.228149,-0.12561,0,3,1,0
261,-0.08,0.04,0.14,4.9,-8.14,2.41,18.3125,29.9375,73.5,0.779114,-0.569946,-0.228638,-0.125977,0,3,1,0
281,-0.1,0.22,0.04,4.91,-8.13,2.4,18.375,30,73.5,0.778992,-0.569885,-0.229126,-0.126221,0,3,1,0
301,-0.15,0.21,0.02,4.92,-8.13,2.4,18.4375,30.125,73.5,0.778931,-0.569702,-0.229675,-0.126465,0,3,1,0
321,-0.15,0.2,-0.02,4.93,-8.12,2.4,18.4375,30.125,73.5,0.77887,-0.56958,-0.230042,-0.126831,0,3,1,0
341,-0.1,0.06,0.04,4.93,-8.12,2.4,18.5,30.1875,73.4375,0.778809,-0.569458,-0.230225,-0.127197,0,3,1,0
361,-0.03,-0.1,0.25,4.94,-8.12,2.4,18.5625,30.25,73.4375,0.778748,-0.569458,-0.230164,-0.127563,0,3,1,0
381,0.07,-0.06,0.3,4.94,-8.11,2.4,18.625,30.25,73.4375,0.778687,-0.569458,-0.230225,-0.127991,0,3,1,0
402,0.12,-0.12,0.15,4.95,-8.11,2.4,18.6875,30.3125,73.4375,0.778564,-0.569458,-0.23053,-0.128113,0,3,1,0
422,0.05,-0.13,-0.03,4.95,-8.11,2.4,18.625,30.3125,73.5,0.778503,-0.569336,-0.231079,-0.128052,0,3,1,0
442,-0.07,0.11,-0.15,4.96,-8.1,2.4,18.625,30.4375,73.5,0.778503,-0.569031,-0.231873,-0.12793,0,3,1,0
462,-0.16,0.11,-0.03,4.97,-8.1,2.4,18.625,30.4375,73.4375,0.778564,-0.568665,-0.232544,-0.127869,0,3,1,0
482,-0.1,0.09,0.08,4.98,-8.09,2.4,18.625,30.5,73.4375,0.778687,-0.56842,-0.232849,-0.127869,0,3,1,0
502,-0.04,0.06,0.02,4.98,-8.09,2.4,18.625,30.5,73.4375,0.778625,-0.568481,-0.232788,-0.12793,0,3,1,0
522,-0.03,-0.05,0,4.97,-8.1,2.39,18.625,30.4375,73.5,0.778442,-0.568909,-0.232361,-0.12793,0,3,1,0
542,-0.09,0,-0.01,4.96,-8.11,2.39,18.625,30.375,73.5625,0.778137,-0.56958,-0.231689,-0.127869,0,3,1,0
562,-0.1,-0.02,-0.01,4.95,-8.12,2.38,18.625,30.3125,73.625,0.777893,-0.570251,-0.231079,-0.127625,0,3,1,0
582,-0.08,-0.28,0,4.94,-8.13,2.37,18.5625,30.25,73.6875,0.777649,-0.570862,-0.230469,-0.127502,0,3,1,0
602,-0.01,-0.29,0.09,4.93,-8.13,2.36,18.5625,30.1875,73.75,0.777344,-0.571472,-0.230103,-0.127441,0,3,1,0
622,-0.12,-0.18,0,4.93,-8.14,2.34,18.625,30.1875,73.875,0.776855,-0.572144,-0.230042,-0.127563,0,3,1,0
642,-0.13,-0.02,-0.14,4.93,-8.14,2.33,18.625,30.1875,74,0.776245,-0.572937,-0.22998,-0.127625,0,3,1,0
662,-0.11,0.08,-0.26,4.93,-8.15,2.31,18.6875,30.1875,74.125,0.775269,-0.574219,-0.229736,-0.128174,0,3,1,0
682,-0.1,0.17,-0.14,4.93,-8.15,2.29,18.8125,30.1875,74.25,0.774658,-0.575134,-0.229309,-0.128662,0,3,1,0
702,-0.02,0.21,0,4.93,-8.16,2.28,18.875,30.1875,74.375,0.77417,-0.575867,-0.228882,-0.129028,0,3,1,0
722,-0.02,0.08,0.01,4.93,-8.16,2.27,18.9375,30.1875,74.4375,0.773865,-0.576355,-0.228516,-0.129395,0,3,0,0
742,0,-0.15,0.08,4.93,-8.16,2.26,19,30.1875,74.5,0.773743,-0.576477,-0.228455,-0.129578,0,3,0,0
762,0.02,-0.13,0.08,4.93,-8.16,2.26,19.0625,30.1875,74.5,0.77356,-0.576538,-0.22876,-0.130005,0,3,0,0
783,0,-0.07,-0.03,4.94,-8.16,2.25,19.0625,30.25,74.5,0.773438,-0.576477,-0.229126,-0.130127,0,3,0,0
803,-0.01,-0.03,-0.12,4.94,-8.15,2.25,19.0625,30.25,74.5,0.773376,-0.576538,-0.229309,-0.130127,0,3,0,0
823,-0.09,0,-0.16,4.94,-8.16,2.25,19.0625,30.3125,74.5625,0.773132,-0.576843,-0.229309,-0.130127,0,3,0,0
843,-0.13,0.14,-0.01,4.94,-8.16,2.24,19.0625,30.25,74.5625,0.773071,-0.576904,-0.229309,-0.130127,0,3,0,0
863,-0.06,0.34,0.2,4.94,-8.16,2.24,19.0625,30.25,74.5625,0.773132,-0.576843,-0.229309,-0.130127,0,3,0,0
883,-0.12,0.17,0.15,4.94,-8.16,2.24,19.0625,30.25,74.5625,0.773193,-0.576721,-0.229309,-0.130127,0,3,0,0
903,-0.14,0.03,0.06,4.94,-8.16,2.25,19.0625,30.25,74.5,0.773376,-0.576538,-0.229248,-0.130066,0,3,0,0
923,-0.12,-0.06,-0.02,4.94,-8.15,2.26,19.0625,30.25,74.5,0.773621,-0.576233,-0.229248,-0.130066,0,3,0,0
943,0.01,0,0,4.95,-8.15,2.26,19.0625,30.3125,74.4375,0.773743,-0.575989,-0.22937,-0.130127,0,3,0,0
963,0.18,0.05,-0.04,4.95,-8.15,2.27,19,30.3125,74.375,0.77417,-0.575317,-0.229858,-0.129944,0,3,0,0
983,0.15,-0.18,0.03,4.95,-8.14,2.28,19,30.3125,74.3125,0.774231,-0.575134,-0.230164,-0.1297,0,3,0,0
1003,0.06,-0.25,-0.12,4.95,-8.14,2.27,19,30.3125,74.375,0.77417,-0.575195,-0.230286,-0.129578,0,3,0,0
1023,-0.04,-0.18,-0.18,4.96,-8.14,2.27,18.9375,30.375,74.4375,0.773926,-0.575439,-0.230774,-0.12915,0,3,0,0
1043,-0.16,-0.14,-0.08,4.96,-8.15,2.26,18.875,30.375,74.4375,0.773804,-0.575623,-0.230896,-0.129028,0,3,0,0
1063,-0.07,-0.1,0,4.96,-8.15,2.25,18.875,30.375,74.5,0.773499,-0.575928,-0.231262,-0.128723,0,3,0,0
1083,0,-0.01,-0.13,4.96,-8.15,2.24,18.875,30.375,74.5625,0.773254,-0.576111,-0.231506,-0.128723,0,3,0,0
1103,0.03,0.06,-0.14,4.96,-8.15,2.24,18.875,30.375,74.5625,0.773132,-0.576294,-0.231506,-0.128784,0,3,0,0
1124,-0.09,-0.02,0.07,4.96,-8.15,2.23,18.9375,30.375,74.6875,0.772766,-0.576782,-0.231445,-0.128906,0,3,0,0
1144,-0.07,0.06,0.19,4.96,-8.15,2.22,18.9375,30.375,74.6875,0.772705,-0.576904,-0.231384,-0.128967,0,3,0,0
1164,-0.04,0.2,0.2,4.96,-8.15,2.22,18.9375,30.375,74.75,0.7724,-0.577209,-0.231445,-0.128967,0,3,0,0
1184,-0.04,0.12,0.05,4.96,-8.15,2.21,18.9375,30.375,74.75,0.772217,-0.577454,-0.231506,-0.128967,0,3,0,0
1204,-0.07,-0.07,0.09,4.96,-8.16,2.21,18.9375,30.375,74.8125,0.772095,-0.577576,-0.231628,-0.128906,0,3,0,0
1224,-0.01,-0.01,0.06,4.96,-8.16,2.2,18.875,30.4375,74.875,0.77179,-0.577942,-0.231934,-0.128662,0,3,0,0
1244,0.09,0.28,-0.02,4.97,-8.16,2.19,18.875,30.4375,74.9375,0.771667,-0.578064,-0.232056,-0.128601,0,3,0,0
1264,0.1,0.05,-0.04,4.97,-8.16,2.19,18.875,30.4375,74.9375,0.771545,-0.578125,-0.232239,-0.128418,0,3,0,0
1284,-0.01,-0.17,0.01,4.96,-8.16,2.19,18.875,30.4375,74.9375,0.771545,-0.578186,-0.232239,-0.128357,0,3,0,0
1304,-0.19,-0.25,-0.07,4.96,-8.16,2.19,18.875,30.4375,74.9375,0.771606,-0.578125,-0.232239,-0.128357,0,3,0,0
1324,-0.16,-0.14,-0.13,4.97,-8.16,2.19,18.875,30.4375,74.9375,0.771606,-0.578125,-0.232117,-0.128479,0,3,0,0
1344,-0.09,0,0,4.97,-8.16,2.19,18.875,30.4375,74.9375,0.771606,-0.578125,-0.232056,-0.128662,0,3,0,0
1364,-0.01,0.01,0.08,4.97,-8.16,2.19,18.9375,30.4375,74.9375,0.771606,-0.578064,-0.232178,-0.128784,0,3,0,0
1384,0.04,-0.01,0.03,4.97,-8.16,2.19,18.9375,30.5,74.9375,0.771423,-0.578125,-0.2323,-0.128967,0,3,0,0
1404,0.01,-0.03,-0.01,4.97,-8.16,2.18,18.9375,30.5,74.9375,0.771179,-0.57843,-0.232483,-0.129089,0,3,0,0
1424,0.01,-0.01,-0.07,4.98,-8.16,2.17,19,30.5,75.0625,0.770874,-0.578796,-0.232544,-0.129089,0,3,0,0
1444,0.03,0,0,4.98,-8.16,2.17,19,30.5,75.0625,0.770569,-0.579163,-0.232666,-0.129028,0,3,0,0
1464,0.11,-0.06,0.03,4.98,-8.16,2.15,18.9375,30.5,75.1875,0.770264,-0.57959,-0.232849,-0.128906,0,3,0,0
1484,0.1,-0.02,0.05,4.98,-8.17,2.14,18.9375,30.5,75.25,0.769897,-0.580017,-0.233032,-0.128601,0,3,0,0
1505,0.1,0.06,-0.09,4.98,-8.17,2.13,18.875,30.5,75.375,0.769531,-0.580505,-0.233093,-0.128296,0,3,0,0
1525,0.02,0.07,-0.13,4.97,-8.18,2.12,18.875,30.4375,75.4375,0.769287,-0.580994,-0.233032,-0.127991,0,3,0,0
1545,-0.19,-0.03,-0.01,4.97,-8.18,2.11,18.8125,30.4375,75.5,0.769104,-0.58136,-0.23291,-0.127625,0,3,0,0
1565,-0.17,-0.01,-0.09,4.96,-8.19,2.11,18.8125,30.375,75.5,0.768982,-0.581604,-0.232727,-0.12738,0,3,0,0
1585,-0.2,0.19,-0.18,4.95,-8.19,2.1,18.75,30.3125,75.5,0.768982,-0.581787,-0.232361,-0.12738,0,3,0,0
1605,-0.2,0.17,-0.09,4.95,-8.19,2.11,18.8125,30.3125,75.5,0.769226,-0.581726,-0.231628,-0.127502,0,3,0,0
1625,-0.1,0.03,-0.07,4.94,-8.19,2.13,18.8125,30.25,75.375,0.769653,-0.58136,-0.231018,-0.127808,0,3,0,0
1645,-0.03,0.02,-0.01,4.94,-8.19,2.14,18.875,30.25,75.25,0.770203,-0.580566,-0.230774,-0.128113,0,3,0,0
1665,0,0.05,-0.02,4.95,-8.18,2.17,18.875,30.3125,75.125,0.770813,-0.579712,-0.230835,-0.128479,0,3,0,0
1685,0,-0.03,0.11,4.95,-8.17,2.19,18.9375,30.3125,75,0.771423,-0.578796,-0.230896,-0.128784,0,3,0,0
1705,0.02,0,0.21,4.95,-8.17,2.19,18.9375,30.375,74.8125,0.771973,-0.577942,-0.231018,-0.129028,0,3,0,0
1725,0.02,0.01,0.09,4.96,-8.15,2.22,18.9375,30.375,74.75,0.772461,-0.577209,-0.231262,-0.129089,0,3,0,0
1745,0.08,0,-0.02,4.96,-8.15,2.23,18.9375,30.4375,74.625,0.772888,-0.576599,-0.231445,-0.129089,0,3,0,0
1765,0.09,-0.11,-0.12,4.96,-8.15,2.24,18.9375,30.4375,74.5625,0.773132,-0.576233,-0.231567,-0.128967,0,3,0,0
1785,0.09,-0.18,-0.09,4.96,-8.15,2.24,18.875,30.375,74.5625,0.773254,-0.576111,-0.231506,-0.128784,0,3,0,0
1805,0.04,-0.07,-0.05,4.96,-8.15,2.24,18.875,30.375,74.5625,0.773254,-0.576172,-0.231323,-0.12854,0,3,0,0
1825,0.08,-0.02,-0.06,4.95,-8.16,2.24,18.8125,30.3125,74.625,0.773193,-0.576477,-0.23114,-0.128174,0,3,0,0
1845,-0.03,0,0.02,4.94,-8.16,2.23,18.75,30.25,74.6875,0.77301,-0.576965,-0.230713,-0.127747,0,3,0,0
1866,-0.15,-0.09,0.05,4.93,-8.17,2.22,18.6875,30.1875,74.75,0.772827,-0.577515,-0.230286,-0.12738,0,3,0,0
1886,-0.11,-0.08,0,4.92,-8.18,2.21,18.625,30.125,74.8125,0.772644,-0.577942,-0.229919,-0.127136,0,3,0,0
1906,0,-0.05,0,4.92,-8.18,2.21,18.625,30.125,74.8125,0.772522,-0.578186,-0.229858,-0.127014,0,3,0,0
1926,0,0.01,-0.06,4.92,-8.18,2.2,18.625,30.125,74.875,0.772339,-0.578369,-0.229919,-0.126953,0,3,0,0
1946,0.05,0.06,-0.01,4.92,-8.18,2.2,18.625,30.125,74.875,0.772217,-0.578552,-0.22998,-0.126953,0,3,0,0
1966,0.05,0.03,0.08,4.92,-8.19,2.2,18.625,30.125,74.9375,0.772095,-0.578674,-0.22998,-0.127014,0,3,0,0
1986,-0.01,-0.02,0.11,4.92,-8.19,2.19,18.625,30.125,74.9375,0.771912,-0.578918,-0.230042,-0.126953,0,3,0,0
2006,-0.11,-0.03,0.08,4.92,-8.19,2.18,18.625,30.0625,75,0.771729,-0.579163,-0.230042,-0.126709,0,3,0,0
2026,-0.06,0.02,0.06,4.91,-8.19,2.18,18.5625,30.0625,75.0625,0.771606,-0.579468,-0.22998,-0.126343,0,3,0,0
2046,0.04,0.11,-0.01,4.91,-8.2,2.17,18.5,30,75.125,0.771484,-0.579712,-0.230042,-0.125854,0,3,0,0
2066,0.1,0.33,-0.32,4.9,-8.2,2.17,18.375,30,75.125,0.771484,-0.579773,-0.230103,-0.125183,0,3,0,0
2086,0.05,0.38,-0.46,4.88,-8.21,2.18,18.25,29.875,75.125,0.771851,-0.579651,-0.229675,-0.124268,0,3,0,0
2106,-0.02,0.39,-0.49,4.86,-8.22,2.19,18.0625,29.6875,75.0625,0.772522,-0.579529,-0.228516,-0.123169,0,3,0,0
2126,-0.07,0.54,-0.33,4.82,-8.24,2.21,17.875,29.4375,74.9375,0.773376,-0.579285,-0.226807,-0.122009,0,3,0,0
2146,-0.13,0.44,-0.03,4.79,-8.25,2.24,17.75,29.1875,74.75,0.774475,-0.578674,-0.225037,-0.120972,0,3,0,0
2166,-0.02,-0.02,-0.03,4.75,-8.26,2.28,17.5625,29,74.5,0.77594,-0.577576,-0.223389,-0.119873,0,3,0,0
2186,-0.07,-0.09,-0.08,4.73,-8.26,2.32,17.375,28.8125,74.25,0.777466,-0.576233,-0.222107,-0.118896,0,3,0,0
2206,0.14,0.23,-0.14,4.7,-8.27,2.36,17.1875,28.625,74,0.779053,-0.574829,-0.220764,-0.117737,0,3,0,0
2227,0.33,0.39,-0.2,4.66,-8.27,2.41,16.9375,28.375,73.6875,0.780823,-0.573364,-0.219299,-0.116394,0,3,0,0
2247,0.38,0.44,-0.16,4.62,-8.28,2.46,16.625,28.125,73.375,0.782654,-0.571716,-0.217712,-0.114746,0,3,0,0
2267,0.42,0.51,-0.24,4.58,-8.29,2.52,16.3125,27.8125,73.0625,0.784729,-0.570007,-0.21582,-0.112671,0,3,0,0
2287,0.43,0.63,-0.33,4.54,-8.3,2.57,16,27.5625,72.75,0.786743,-0.568176,-0.214417,-0.11084,0,3,0,0
2307,0.45,0.46,-0.36,4.49,-8.31,2.63,15.625,27.25,72.375,0.78894,-0.566284,-0.212463,-0.108337,0,3,0,0
2327,0.12,0.45,-0.27,4.4,-8.33,2.69,15.0625,26.6875,72,0.791626,-0.564392,-0.209229,-0.104736,0,3,0,0
2347,0.02,0.52,-0.24,4.3,-8.36,2.77,14.375,26,71.625,0.794617,-0.562439,-0.205261,-0.100525,0,3,0,0
2367,0.03,0.62,-0.25,4.19,-8.38,2.85,13.6875,25.3125,71.1875,0.797791,-0.560364,-0.200928,-0.0960083,0,3,0,0
2387,0.01,0.53,-0.17,4.08,-8.41,2.94,12.9375,24.5625,70.6875,0.801086,-0.558105,-0.196289,-0.0911255,0,3,0,0
2407,-0.33,0.52,0,3.95,-8.44,3.03,12.1875,23.75,70.1875,0.804504,-0.555603,-0.191467,-0.0859985,0,3,0,0
2427,-0.43,0.49,0.07,3.83,-8.46,3.13,11.375,23,69.6875,0.808167,-0.552734,-0.186462,-0.0808105,0,3,0,0
2447,-0.14,0.32,0.22,3.7,-8.48,3.23,10.625,22.125,69.0625,0.812012,-0.549561,-0.181396,-0.0755615,0,3,0,0
2467,-0.17,0.23,0.1,3.57,-8.49,3.34,9.8125,21.3125,68.4375,0.815979,-0.546021,-0.176331,-0.0701294,0,3,0,0
2487,-0.37,0.04,0.09,3.43,-8.5,3.46,9,20.5,67.8125,0.820007,-0.542358,-0.171143,-0.0645142,0,3,0,0
2507,-0.63,-0.31,0.13,3.29,-8.51,3.57,8.1875,19.625,67.1875,0.823914,-0.538757,-0.165527,-0.059082,0,3,0,0
2527,-0.6,-0.39,0.07,3.15,-8.52,3.68,7.4375,18.75,66.5625,0.827698,-0.535278,-0.159546,-0.053833,0,3,0,0
2547,-0.5,-0.45,-0.17,3.01,-8.52,3.8,6.6875,17.875,65.9375,0.831482,-0.531616,-0.153564,-0.0489502,0,3,0,0
2567,-0.44,-0.66,-0.11,2.88,-8.51,3.91,6.0625,17.0625,65.25,0.835388,-0.527527,-0.14801,-0.0446167,0,3,0,0
2588,-0.33,-0.7,0.11,2.78,-8.48,4.04,5.5625,16.4375,64.5,0.839355,-0.522705,-0.143494,-0.0410767,0,3,0,0
2608,-0.32,-0.4,0.04,2.7,-8.45,4.17,5.1875,16,63.6875,0.843384,-0.517334,-0.140198,-0.038269,0,3,0,0
2628,0.25,-6.05,4.63,2.64,-8.41,4.29,4.8125,15.625,62.9375,0.847168,-0.512085,-0.13739,-0.0357666,0,3,0,0
2648,-0.09,1.14,-0.18,2.48,-8.45,4.29,4.3125,14.6875,63,0.847412,-0.513672,-0.130188,-0.0322266,0,3,0,0
2668,-0.51,-1.04,0.44,2.35,-8.48,4.31,3.875,13.875,63,0.847961,-0.514465,-0.124146,-0.0287476,0,3,0,0
2688,-0.77,-1.65,0.61,2.28,-8.49,4.33,3.625,13.4375,62.9375,0.848694,-0.51416,-0.120911,-0.0270386,0,3,0,0
2708,-1,-0.38,0,2.26,-8.49,4.34,3.625,13.3125,62.875,0.848999,-0.514038,-0.119324,-0.0270996,0,3,0,0
2728,-0.84,0.2,-0.34,2.25,-8.49,4.35,3.75,13.25,62.8125,0.849304,-0.513611,-0.118408,-0.0279541,0,3,0,0
2748,-0.3,0.47,-0.16,2.23,-8.49,4.36,3.8125,13.125,62.75,0.849609,-0.513489,-0.117004,-0.0284424,0,3,0,0
2768,0.07,0.56,-0.24,2.19,-8.49,4.37,3.75,12.875,62.75,0.849854,-0.513672,-0.114502,-0.0282593,0,3,0,0
2788,0.11,0.42,-0.19,2.13,-8.51,4.38,3.6875,12.5,62.75,0.850037,-0.514099,-0.111145,-0.0275269,0,3,0,0
2808,0,0,-0.23,2.05,-8.52,4.38,3.5625,12.0625,62.75,0.850525,-0.514648,-0.105164,-0.0263062,0,3,0,0
2828,-0.39,-0.36,0.16,1.98,-8.53,4.4,3.5,11.6875,62.6875,0.850891,-0.514709,-0.101624,-0.0259399,0,3,0,0
2848,-0.5,-0.48,0.26,1.93,-8.54,4.41,3.4375,11.375,62.625,0.851135,-0.514648,-0.10022,-0.026001,0,3,0,0
2868,-0.63,-0.39,0.27,1.9,-8.53,4.43,3.5625,11.1875,62.5625,0.851868,-0.513977,-0.0971069,-0.0270386,0,3,0,0
2888,-0.38,-0.45,0.22,1.88,-8.53,4.44,3.6875,11.0625,62.4375,0.852051,-0.513794,-0.0962524,-0.0276489,0,3,0,0
2910,-0.23,-0.35,0.31,1.87,-8.52,4.46,4,10.9375,62.3125,0.852661,-0.513184,-0.0935059,-0.0298462,0,3,0,0
2930,-0.04,-0.15,0.19,1.85,-8.52,4.47,4.1875,10.8125,62.25,0.852844,-0.513123,-0.0916138,-0.0314941,0,3,0,0
2951,0,0.05,0.17,1.84,-8.52,4.48,4.3125,10.8125,62.25,0.852844,-0.513184,-0.0906982,-0.0323486,0,3,0,0
2971,0,0.36,0.08,1.82,-8.52,4.48,4.625,10.625,62.25,0.852783,-0.513611,-0.0878906,-0.0345459,0,3,0,0
2991,-0.02,0.34,0.21,1.8,-8.53,4.47,4.6875,10.625,62.25,0.852722,-0.513855,-0.0869751,-0.0350952,0,3,0,0
3011,-0.01,0.16,0.24,1.78,-8.54,4.47,4.8125,10.375,62.3125,0.852661,-0.514404,-0.0840454,-0.0362549,0,3,0,0
3031,0.04,-0.19,0.12,1.75,-8.54,4.47,4.9375,10.25,62.3125,0.852722,-0.514465,-0.0823975,-0.0367432,0,3,0,0
3051,0.07,-0.41,-0.16,1.73,-8.54,4.48,4.9375,10.1875,62.25,0.852905,-0.514343,-0.0810547,-0.0374146,0,3,0,0
3071,0.08,-0.48,-0.41,1.72,-8.54,4.49,5.125,10.125,62.1875,0.85321,-0.513916,-0.0800171,-0.038269,0,3,0,0
3091,0.03,-0.12,-0.45,1.72,-8.53,4.5,5.1875,10.125,62.125,0.853394,-0.513672,-0.0796509,-0.0387573,0,3,0,0
3111,0.13,0.01,-0.43,1.72,-8.52,4.52,5.375,10.125,62,0.853943,-0.512756,-0.0788574,-0.0402832,0,3,0,0
3131,0.14,-0.01,0.09,1.72,-8.52,4.53,5.4375,10.125,61.9375,0.854187,-0.51239,-0.0783691,-0.0409546,0,3,0,0
3151,0.27,-0.18,0.27,1.72,-8.52,4.53,5.5,10.0625,61.9375,0.854126,-0.512512,-0.078064,-0.0412598,0,3,0,0
3171,0.4,-0.27,0.47,1.72,-8.52,4.53,5.5,10.0625,62,0.853882,-0.512939,-0.078125,-0.0410156,0,3,0,0
3191,0.66,-0.23,0.23,1.72,-8.53,4.52,5.4375,10.0625,62.0625,0.853577,-0.513367,-0.0788574,-0.0404053,0,3,0,0
3211,0.67,-0.11,0.12,1.73,-8.53,4.5,5.25,10.1875,62.125,0.853333,-0.513672,-0.0800781,-0.0394897,0,3,0,0
3231,0.5,0.12,-0.2,1.74,-8.53,4.49,5.125,10.1875,62.1875,0.853149,-0.513916,-0.0811157,-0.0383911,0,3,0,0
3252,0.25,0.06,-0.19,1.74,-8.54,4.49,4.9375,10.1875,62.25,0.852905,-0.514282,-0.081665,-0.0371094,0,3,0,0
3272,0.08,-0.15,-0.01,1.72,-8.55,4.47,4.8125,10.125,62.3125,0.852661,-0.514832,-0.081604,-0.0358887,0,3,0,0
3292,-0.02,-0.28,0.14,1.72,-8.55,4.47,4.6875,10.0625,62.4375,0.852417,-0.51532,-0.0814209,-0.0349121,0,3,0,0
3312,-0.1,-0.23,0.2,1.7,-8.56,4.45,4.5625,10,62.4375,0.852173,-0.515747,-0.0814819,-0.0342407,0,3,0,0
3332,-0.18,-0.18,0.09,1.7,-8.56,4.45,4.5,10,62.5,0.852051,-0.515991,-0.0817261,-0.0338135,0,3,0,0
3352,-0.22,-0.09,0.02,1.7,-8.56,4.45,4.4375,10,62.5,0.851929,-0.516174,-0.0818481,-0.0334473,0,3,0,0
3372,-0.13,0,0,1.7,-8.57,4.44,4.4375,10,62.5625,0.851807,-0.516357,-0.0817871,-0.0332642,0,3,0,0
3392,-0.1,0.2,0.11,1.7,-8.57,4.44,4.4375,9.9375,62.5625,0.851685,-0.516663,-0.0814209,-0.0332031,0,3,0,0
3412,-0.05,0.16,0.1,1.68,-8.58,4.43,4.4375,9.875,62.625,0.851562,-0.516907,-0.0808105,-0.0332031,0,3,0,0
3432,-0.1,0,0.14,1.67,-8.58,4.44,4.4375,9.8125,62.625,0.851624,-0.516907,-0.0800171,-0.0333252,0,3,0,0
3452,-0.14,-0.19,0.13,1.66,-8.58,4.44,4.5,9.75,62.625,0.851685,-0.516907,-0.0794678,-0.0335693,0,3,0,0
3472,-0.17,-0.28,0.24,1.66,-8.58,4.44,4.5,9.75,62.5625,0.851746,-0.516785,-0.0792236,-0.0338745,0,3,0,0
3492,-0.18,-0.15,0.26,1.67,-8.57,4.45,4.5625,9.75,62.5625,0.851929,-0.516479,-0.0791626,-0.0342407,0,3,0,0
3512,-0.23,0.04,0.32,1.67,-8.57,4.45,4.625,9.8125,62.5,0.852112,-0.516113,-0.0792236,-0.034729,0,3,0,0
3532,-0.18,0.22,0.18,1.67,-8.57,4.46,4.75,9.8125,62.5,0.852173,-0.516052,-0.0791016,-0.0353394,0,3,0,0
3552,-0.11,0.24,0.14,1.68,-8.56,4.46,4.8125,9.8125,62.4375,0.852234,-0.515991,-0.0786743,-0.0361328,0,3,0,0
3572,-0.18,0.2,0.07,1.67,-8.56,4.46,4.9375,9.8125,62.4375,0.852234,-0.516052,-0.0776978,-0.0369263,0,3,0,0
3593,-0.22,0.14,0.16,1.66,-8.57,4.46,5.0625,9.75,62.4375,0.852295,-0.516113,-0.0765381,-0.0377197,0,3,0,0
3613,-0.24,-0.08,0.15,1.65,-8.57,4.46,5.125,9.6875,62.4375,0.852295,-0.516174,-0.0755005,-0.0383911,0,3,0,0
3633,-0.19,-0.13,0,1.64,-8.57,4.47,5.1875,9.625,62.4375,0.852295,-0.516174,-0.0748901,-0.0390015,0,3,0,0
3653,-0.12,-0.06,0,1.64,-8.57,4.47,5.3125,9.625,62.4375,0.852356,-0.516113,-0.074585,-0.0396118,0,3,0,0
3673,-0.08,0,-0.04,1.65,-8.56,4.47,5.375,9.6875,62.375,0.852356,-0.516113,-0.0744629,-0.0402832,0,3,0,0
3693,-0.04,-0.05,0.11,1.65,-8.56,4.47,5.4375,9.6875,62.375,0.852356,-0.516052,-0.0744629,-0.0407715,0,3,0,0
3713,0.01,-0.06,0.11,1.65,-8.56,4.47,5.5,9.6875,62.375,0.852356,-0.515991,-0.0743408,-0.0410767,0,3,0,0
3733,0.07,-0.02,0.08,1.65,-8.56,4.47,5.5,9.6875,62.375,0.852356,-0.515991,-0.0742188,-0.0411987,0,3,0,0
3753,0.04,0.13,0.04,1.65,-8.56,4.47,5.5,9.6875,62.375,0.852417,-0.515869,-0.0740967,-0.0412598,0,3,0,0
3773,-0.02,0.18,0.04,1.65,-8.56,4.48,5.5,9.6875,62.3125,0.8526,-0.515686,-0.0737915,-0.0413208,0,3,0,0
3793,-0.11,-0.03,0.01,1.64,-8.56,4.48,5.5,9.625,62.3125,0.852661,-0.515625,-0.0733032,-0.0413208,0,3,0,0
3813,-0.09,-0.1,-0.05,1.63,-8.56,4.48,5.5625,9.5625,62.3125,0.852661,-0.515686,-0.0727539,-0.0414429,0,3,0,0
3833,-0.03,-0.15,0,1.62,-8.56,4.48,5.5625,9.5,62.3125,0.852661,-0.515808,-0.0721436,-0.041748,0,3,0,0
3853,0.03,-0.06,0,1.62,-8.56,4.48,5.625,9.5,62.3125,0.852661,-0.515747,-0.0717163,-0.0420532,0,3,0,0
3873,0.06,0.02,-0.05,1.62,-8.56,4.49,5.6875,9.5,62.3125,0.852722,-0.515686,-0.0715332,-0.0424194,0,3,0,0
3893,0.08,0.14,-0.16,1.62,-8.56,4.49,5.6875,9.5,62.25,0.852844,-0.515503,-0.0714722,-0.0426025,0,3,0,0
3913,0,-0.03,-0.14,1.62,-8.56,4.49,5.6875,9.5,62.25,0.852966,-0.51532,-0.0712891,-0.0427246,0,3,0,0
3933,-0.02,-0.13,0.04,1.62,-8.56,4.5,5.75,9.5,62.25,0.853027,-0.515259,-0.0710449,-0.0429077,0,3,0,0
3954,-0.01,-0.25,0.17,1.61,-8.56,4.49,5.75,9.4375,62.25,0.852966,-0.51532,-0.0706787,-0.0430908,0,3,0,0
3974,0.03,-0.25,0.11,1.61,-8.56,4.49,5.75,9.4375,62.25,0.852966,-0.515442,-0.0703735,-0.0432739,0,3,0,0
3994,0.05,-0.09,-0.05,1.61,-8.56,4.49,5.8125,9.4375,62.25,0.852966,-0.515442,-0.0702515,-0.043335,0,3,0,0
4014,-0.01,0.04,-0.2,1.61,-8.56,4.5,5.8125,9.4375,62.25,0.853027,-0.515259,-0.0702515,-0.0435181,0,3,0,0
4034,-0.24,0.12,-0.15,1.61,-8.55,4.5,5.875,9.4375,62.1875,0.85321,-0.514954,-0.0701904,-0.0438232,0,3,0,0
4054,-0.36,-0.06,-0.13,1.62,-8.55,4.51,5.875,9.5,62.125,0.853333,-0.514709,-0.0702515,-0.0442505,0,3,0,0
4074,-0.35,-0.1,-0.01,1.63,-8.55,4.51,6,9.5625,62.125,0.853394,-0.514587,-0.0705566,-0.0447388,0,3,0,0
4094,-0.21,0,0.11,1.63,-8.54,4.51,6.0625,9.5625,62.125,0.853333,-0.514587,-0.0704956,-0.0452271,0,3,0,0
4114,-0.15,0.05,0.14,1.63,-8.54,4.51,6.125,9.5625,62.125,0.853394,-0.514465,-0.0701904,-0.0458984,0,3,0,0
4134,-0.06,-0.03,0.26,1.63,-8.54,4.52,6.1875,9.5625,62.0625,0.853577,-0.514221,-0.0695801,-0.0465698,0,3,0,0
4154,-0.07,-0.14,0.19,1.62,-8.54,4.53,6.3125,9.5,62,0.85376,-0.513916,-0.0687256,-0.0471802,0,3,0,0
4174,-0.21,-0.06,0.09,1.61,-8.53,4.54,6.375,9.5,61.9375,0.854004,-0.51355,-0.0678711,-0.0479126,0,3,0,0
4194,-0.27,0,0.01,1.61,-8.53,4.55,6.5,9.4375,61.875,0.854248,-0.513184,-0.0670776,-0.0488281,0,3,0,0
4214,-0.24,0.04,0,1.61,-8.53,4.55,6.625,9.4375,61.875,0.85437,-0.512939,-0.0665283,-0.0497437,0,3,0,0
4234,-0.2,0.11,0,1.61,-8.52,4.56,6.75,9.5,61.8125,0.854431,-0.512878,-0.0662231,-0.0505981,0,3,0,0
4254,-0.07,0.15,-0.03,1.62,-8.52,4.56,6.8125,9.5,61.8125,0.854431,-0.512756,-0.0662231,-0.0513306,0,3,0,0
4274,0.06,0.03,-0.04,1.62,-8.52,4.56,6.9375,9.5,61.8125,0.854431,-0.512695,-0.065979,-0.0519409,0,3,0,0
4294,0.15,-0.13,0.05,1.62,-8.52,4.56,7,9.5,61.8125,0.854492,-0.512695,-0.0654907,-0.0523682,0,3,0,0
4315,0.11,-0.16,0.04,1.61,-8.52,4.56,7.0625,9.4375,61.75,0.854492,-0.512634,-0.0648193,-0.0527954,0,3,0,0
4335,0,-0.12,0.1,1.61,-8.52,4.57,7.0625,9.4375,61.75,0.854614,-0.512573,-0.0643311,-0.0532227,0,3,0,0
4355,-0.06,-0.04,0.06,1.61,-8.52,4.57,7.1875,9.4375,61.6875,0.854736,-0.512268,-0.0641479,-0.0537109,0,3,0,0
4375,-0.07,0.03,-0.01,1.62,-8.51,4.58,7.25,9.5,61.6875,0.854858,-0.512024,-0.0641479,-0.0543823,0,3,0,0
4395,-0.02,0.02,-0.03,1.62,-8.51,4.58,7.3125,9.5,61.625,0.854919,-0.511902,-0.0641479,-0.0549927,0,3,0,0
4415,0.09,-0.03,-0.01,1.63,-8.51,4.58,7.375,9.5625,61.625,0.854919,-0.511841,-0.0640869,-0.055481,0,3,0,0
4435,0.12,-0.04,-0.03,1.63,-8.51,4.58,7.4375,9.5625,61.625,0.854858,-0.511841,-0.0639648,-0.0558472,0,3,0,0
4455,0.12,-0.09,-0.08,1.63,-8.51,4.58,7.5,9.5625,61.625,0.854797,-0.511902,-0.0638428,-0.0562134,0,3,0,0
4475,0.15,-0.15,-0.11,1.63,-8.51,4.58,7.5625,9.5625,61.6875,0.854675,-0.512146,-0.0637817,-0.0565186,0,3,0,0
4495,0.11,-0.17,-0.1,1.63,-8.51,4.57,7.5625,9.5625,61.6875,0.854492,-0.51239,-0.0637207,-0.0568848,0,3,0,0
4515,0.08,-0.14,-0.17,1.64,-8.51,4.57,7.625,9.625,61.6875,0.854431,-0.512451,-0.0635986,-0.0571899,0,3,0,0
4535,-0.01,-0.11,-0.11,1.64,-8.51,4.57,7.6875,9.625,61.6875,0.854431,-0.512512,-0.0634766,-0.0574951,0,3,0,0
4555,-0.04,-0.15,-0.06,1.64,-8.51,4.57,7.6875,9.625,61.6875,0.854431,-0.51239,-0.0633545,-0.0577393,0,3,0,0
4575,0,-0.11,0.01,1.64,-8.51,4.58,7.75,9.625,61.6875,0.854492,-0.512268,-0.0632935,-0.0579224,0,3,0,0
4595,0,0,0.01,1.64,-8.51,4.58,7.75,9.625,61.6875,0.854614,-0.512146,-0.0632324,-0.0581665,0,3,0,0
4615,-0.01,0.05,-0.03,1.64,-8.51,4.58,7.75,9.625,61.625,0.854675,-0.512024,-0.0632324,-0.0582886,0,3,0,0
4635,0,0,-0.01,1.64,-8.5,4.58,7.75,9.625,61.625,0.854675,-0.511963,-0.0632324,-0.0582886,0,3,0,0
4655,0,0,0,1.64,-8.5,4.58,7.75,9.625,61.625,0.854675,-0.512024,-0.0631714,-0.0582275,0,3,0,0
4676,-0.05,-0.02,0.05,1.64,-8.51,4.58,7.75,9.625,61.6875,0.854614,-0.512146,-0.0631104,-0.0581665,0,3,0,0
4696,-0.08,-0.01,0.1,1.64,-8.51,4.58,7.75,9.625,61.6875,0.854553,-0.512268,-0.0631714,-0.0581665,0,3,0,0
4716,-0.05,-0.08,0.08,1.64,-8.51,4.57,7.75,9.625,61.6875,0.85437,-0.512512,-0.0632935,-0.0580444,0,3,0,0
4736,-0.07,-0.06,0.08,1.64,-8.51,4.57,7.75,9.625,61.75,0.854309,-0.512634,-0.0632935,-0.0579834,0,3,0,0
4756,-0.07,-0.03,0.05,1.64,-8.51,4.57,7.75,9.625,61.75,0.854309,-0.512634,-0.0632935,-0.0579834,0,3,0,0
4776,-0.1,-0.03,0.01,1.64,-8.51,4.57,7.75,9.625,61.75,0.85437,-0.512573,-0.0632324,-0.0579834,0,3,0,0
4796,-0.1,-0.03,-0.01,1.64,-8.51,4.57,7.75,9.625,61.6875,0.854431,-0.512451,-0.0633545,-0.0578613,0,3,0,0
4816,-0.05,0,-0.03,1.64,-8.51,4.57,7.75,9.625,61.6875,0.854431,-0.51239,-0.0634155,-0.0579224,0,3,0,0
4836,-0.03,0.07,0.04,1.64,-8.51,4.57,7.75,9.625,61.6875,0.854431,-0.51239,-0.0634766,-0.0579834,0,3,0,0
4856,-0.01,0.03,0.11,1.64,-8.51,4.57,7.75,9.625,61.6875,0.85437,-0.512451,-0.0634155,-0.0579834,0,3,0,0
4876,0.01,0.03,0.14,1.64,-8.51,4.57,7.75,9.625,61.75,0.854309,-0.512634,-0.0634155,-0.0580444,0,3,0,0
4896,0,-0.05,0.08,1.64,-8.51,4.57,7.75,9.625,61.75,0.854248,-0.512756,-0.0633545,-0.0579834,0,3,0,0
4916,-0.07,-0.06,-0.01,1.64,-8.52,4.56,7.6875,9.625,61.75,0.854065,-0.513062,-0.0632324,-0.0578003,0,3,0,0
4936,-0.16,-0.07,-0.1,1.64,-8.52,4.56,7.6875,9.625,61.8125,0.854004,-0.513123,-0.0632324,-0.0578003,0,3,0,0
4956,-0.13,-0.09,-0.06,1.64,-8.52,4.56,7.6875,9.625,61.8125,0.854004,-0.513184,-0.0632324,-0.0579224,0,3,0,0
4976,-0.07,-0.1,0,1.64,-8.52,4.56,7.75,9.625,61.8125,0.854004,-0.513123,-0.0633545,-0.0581665,0,3,0,0
4996,-0.02,-0.06,0.07,1.64,-8.52,4.56,7.75,9.625,61.8125,0.854004,-0.513062,-0.0634155,-0.0582886,0,3,0,0
